SMILES,Predicted_pIC50,Uncertainty,Total_Score,Activity_Score,DrugLike_Score,Synthetic_Score,Passes_Constraints,Violations,MW,LogP,TPSA,SA_Score,Lipinski_Violations
CN1C2CCC1C(C2)OC(=O)C3=CC=CC=C3,7.654405,0.321075,0.7463523999999999,0.5308809999999999,1.0,0.67,True,None,231.29500000000002,2.0785,29.54,3.3,0
CC(C)CC1=CC=C(C=C1)C(C)C(=O)O,7.778355,0.32866,0.7362683999999999,0.555671,1.0,0.5700000000000001,True,None,206.28499999999997,3.073200000000001,37.3,4.3,0
CC1(C2C1C(C(C2)OC(=O)C3=CC=CC=C3)C)OC(=O)C4=CC=CC=C4,7.812286000000001,0.3806750000000002,0.73298288,0.5624572000000002,1.0,0.54,True,None,350.4140000000001,4.113500000000004,52.6,4.6,0
CN(C)CCCN1C2=CC=CC=C2CCC1=O,7.521173,0.329125,0.7156938399999999,0.5042346,1.0,0.5700000000000001,True,None,232.32699999999997,1.9175,23.55,4.3,0
CCOC(=O)C(CC(=O)OCC)CC(=O)OCC,7.154134,0.37139500000000003,0.65233072,0.4308268,1.0,0.4,True,None,260.28599999999994,1.0720999999999998,78.90000000000002,6.0,0
