Model,Test R²,Test RMSE,Pearson r
RF (Descriptors),0.376,0.961,0.615
XGBoost (Descriptors),0.387,0.952,0.623
RF (Fingerprints),0.6399470913349801,0.7279386051219038,0.8042906199940602
XGBoost (Fingerprints),0.6141151709399804,0.7535992241603168,0.7886299571017369
Ensemble (Fingerprints),0.6369145806140053,0.7309976736195855,0.804368479682933
