Model,R²,RMSE,MAE,Pearson r
Random Forest,0.6743435020296527,0.6922954294991577,0.5156748482389076,0.844660656759243
Xgboost,0.5856239950222785,0.7809242152073105,0.5959422905807666,0.7814136378080345
